<?xml version="1.0"?>
<configuration scan="true">
  <appender name="STDOUT" class="ch.qos.logback.core.ConsoleAppender">
    <encoder>
      <pattern>%level [%logger{20}:%thread] %msg%n</pattern>
    </encoder>
  </appender>
  <root level="INFO">
    <appender-ref ref="STDOUT"/>
  </root>
  <logger name="org" level="WARN"/>
  <logger name="LogService" level="WARN"/> <!-- Restlet access logging -->
  <logger name="net.floodlightcontroller" level="INFO"/>
  <logger name="org.sdnplatform" level="INFO"/>
</configuration>
